business-name,streetAddress,addressLocality,addressRegion,postalCode
business-name,streetAddress,addressLocality,addressRegion,postalCode
business-name,streetAddress,addressLocality,addressRegion,postalCode
business-name,streetAddress,addressLocality,addressRegion,postalCode
business-name,streetAddress,addressLocality,addressRegion,postalCode
business-name,streetAddress,addressLocality,addressRegion,postalCode
business-name,streetAddress,addressLocality,addressRegion,postalCode
business-name,streetAddress,addressLocality,addressRegion,postalCode
business-name,streetAddress,addressLocality,addressRegion,postalCode
business-name,streetAddress,addressLocality,addressRegion,postalCode
business-name,streetAddress,addressLocality,addressRegion,postalCode
business-name,streetAddress,addressLocality,addressRegion,postalCode
business-name,streetAddress,addressLocality,addressRegion,postalCode
business-name,streetAddress,addressLocality,addressRegion,postalCode
business-name,streetAddress,addressLocality,addressRegion,postalCode
business-name,streetAddress,addressLocality,addressRegion,postalCode
business-name,streetAddress,addressLocality,addressRegion,postalCode
business-name,streetAddress,addressLocality,addressRegion,postalCode
business-name,streetAddress,addressLocality,addressRegion,postalCode
business-name,streetAddress,addressLocality,addressRegion,postalCode
business-name,streetAddress,addressLocality,addressRegion,postalCode
business-name,streetAddress,addressLocality,addressRegion,postalCode
business-name,streetAddress,addressLocality,addressRegion,postalCode
business-name,streetAddress,addressLocality,addressRegion,postalCode
business-name,streetAddress,addressLocality,addressRegion,postalCode
business-name,streetAddress,addressLocality,addressRegion,postalCode
business-name,streetAddress,addressLocality,addressRegion,postalCode
business-name,streetAddress,addressLocality,addressRegion,postalCode
business-name,streetAddress,addressLocality,addressRegion,postalCode
business-name,streetAddress,addressLocality,addressRegion,postalCode
business-name,streetAddress,addressLocality,addressRegion,postalCode
